{"cameraMode":{"drawMode":0,"name":"Shaded","section":"Shading Mode"},"sceneLighting":true,"audioPlay":false,"sceneViewState":{"m_AlwaysRefresh":false,"showFog":true,"showSkybox":true,"showFlares":true,"showImageEffects":true,"showParticleSystems":true,"showVisualEffectGraphs":true,"m_FxEnabled":true},"in2DMode":false,"pivot":{"x":4.561005592346191,"y":3.9736380577087404,"z":1.2397204637527466},"rotation":{"x":0.04426797106862068,"y":0.32368379831314089,"z":-0.015162362717092038,"w":0.9450097680091858},"size":4.508642196655273,"orthographic":false}